X	Y	Z
0.01437	-0.16759	-9.44752
0.01915	-0.17238	-9.42837
0.00958	-0.17238	-9.48104
0	-0.16759	-9.47146
0.00958	-0.15802	-9.40442
0.01915	-0.16759	-9.47146
0.00479	-0.17717	-9.4571
0.01437	-0.16281	-9.48104
0	-0.17717	-9.47625
0	-0.16281	-9.44752
0.01915	-0.15802	-9.44752
0.00479	-0.16759	-9.4571
0.01437	-0.17238	-9.4571
0.00479	-0.15802	-9.44273
0.00958	-0.15802	-9.47146
0.01437	-0.17238	-9.45231
0.00958	-0.18196	-9.4571
0.00958	-0.16281	-9.4571
0.00958	-0.15802	-9.43794
0.01915	-0.16281	-9.46667
0.00958	-0.16281	-9.44752
0.00958	-0.17238	-9.4571
0.00958	-0.16281	-9.45231
0.00958	-0.17238	-9.46667
0.00958	-0.16759	-9.46189
0.01437	-0.16281	-9.40442
0.00479	-0.16759	-9.46189
0	-0.16759	-9.4571
0.01437	-0.18196	-9.44752
0.00479	-0.16281	-9.46189
0.00479	-0.16759	-9.41879
0	-0.17717	-9.48104
0.00479	-0.17238	-9.43316
-0.80445	-0.15323	9.81623
-0.79487	-0.16759	9.81144
-0.79487	-0.14365	9.81623
-0.79487	-0.17238	9.80186
-0.7853	-0.15323	9.83059
-0.79966	-0.16759	9.81623
-0.7853	-0.15802	9.82102
-0.79009	-0.16281	9.80186
-0.78051	-0.16281	9.8258
-0.79009	-0.16281	9.81144
-0.79487	-0.14844	9.81623
-0.80445	-0.16281	9.81144
-0.7853	-0.16281	9.80186
-0.79487	-0.16281	9.81144
-0.78051	-0.16281	9.80186
-0.79487	-0.15802	9.81144
-0.79487	-0.15802	9.81623
-0.79009	-0.15802	9.78271
-0.78051	-0.16281	9.82102
-0.7853	-0.14844	9.80186
-0.79487	-0.16281	9.80665
-0.79009	-0.19154	9.84017
-0.77093	-0.16281	9.76355
-0.79966	-0.17238	9.83538
-0.79009	-0.15802	9.77792
-0.79487	-0.16759	9.84017
-0.77572	-0.16281	9.77792
-0.79009	-0.17238	9.83538
-0.79966	-0.16281	9.80665
-0.79966	-0.14844	9.82102
-0.79487	-0.15802	9.82102
-0.79009	-0.15802	9.81623
-0.78051	-0.16281	9.80186
-0.79487	-0.15802	9.83538
-0.79487	-0.15802	9.80186
-0.78051	-0.16281	9.80186
9.70609	-0.30167	0.42617
9.69652	-0.31125	0.4118
9.69652	-0.31603	0.41659
9.69652	-0.31125	0.41659
9.70609	-0.30167	0.42138
9.69652	-0.30646	0.43096
9.69652	-0.31603	0.41659
9.69652	-0.32082	0.43096
9.71088	-0.32082	0.42138
9.70131	-0.31125	0.4118
9.69652	-0.30646	0.4118
9.71088	-0.29688	0.42138
9.70609	-0.30167	0.40701
9.70131	-0.31125	0.42617
9.69652	-0.32082	0.41659
9.69652	-0.31125	0.40701
9.70609	-0.31603	0.41659
9.70131	-0.31125	0.4118
9.68694	-0.31603	0.4118
9.69173	-0.29688	0.41659
9.70131	-0.31603	0.42138
9.69652	-0.31125	0.40701
9.69652	-0.31125	0.41659
9.69173	-0.32082	0.39265
9.69173	-0.30646	0.42138
9.68215	-0.31603	0.41659
9.71088	-0.29688	0.43574
9.663	-0.31125	0.42617
9.70609	-0.32082	0.4118
9.70131	-0.31125	0.4118
9.68694	-0.31125	0.40701
0.14365	-9.81623	-0.19632
0.14844	-9.77313	-0.20111
0.13886	-9.80665	-0.18675
0.14844	-9.79707	-0.20111
0.14844	-9.7875	-0.20111
0.13408	-9.80186	-0.19154
0.14365	-9.79707	-0.19632
0.14365	-9.80186	-0.18675
0.14365	-9.80665	-0.19154
0.13408	-9.79707	-0.20111
0.14365	-9.80186	-0.20111
0.13886	-9.80186	-0.20111
0.14365	-9.79707	-0.20111
0.14365	-9.80186	-0.19632
0.14365	-9.7875	-0.19632
0.13886	-9.79707	-0.19154
0.14844	-9.78271	-0.2059
0.14365	-9.79228	-0.19154
0.14365	-9.79707	-0.20111
0.13886	-9.79228	-0.20111
0.13886	-9.78271	-0.19632
0.14365	-9.80186	-0.2059
0.14365	-9.7875	-0.19632
0.12929	-9.80665	-0.19632
0.12929	-9.79228	-0.20111
0.13408	-9.80186	-0.18675
0.14365	-9.80186	-0.19154
0.14365	-9.80665	-0.20111
0.14365	-9.79228	-0.18675
-9.69652	-0.01437	-0.35434
-9.70131	-0.02873	-0.35434
-9.71088	-0.01915	-0.36871
-9.69652	-0.02873	-0.35434
-9.71088	-0.00479	-0.35913
-9.69173	-0.01437	-0.34955
-9.70131	-0.01437	-0.35913
-9.69173	-0.01437	-0.36392
-9.70609	-0.02394	-0.35913
-9.73004	-0.02873	-0.36871
-9.68694	-0.01915	-0.35434
-9.69652	-0.01915	-0.35434
-9.69173	-0.01437	-0.35913
-9.71567	-0.00958	-0.33998
-9.70131	-0.00958	-0.34477
-9.71567	-0.02394	-0.34955
-9.70609	-0.01915	-0.35434
-9.71567	-0.01437	-0.34955
-9.71567	-0.00479	-0.34955
-9.70609	-0.01915	-0.36392
-9.71567	-0.01915	-0.35913
-9.71088	-0.02873	-0.35913
-9.70609	-0.01437	-0.35434
-9.70609	-0.01915	-0.34955
-9.70131	-0.02394	-0.36392
-9.69652	-0.00958	-0.35434
-9.71088	-0.01915	-0.36871
-9.69173	-0.01915	-0.36871
-9.72046	-0.02394	-0.35434
-9.70131	-0.01437	-0.34955
-9.69173	-0.01437	-0.35913
-9.70609	-0.01437	-0.34955
-9.70131	-0.02873	-0.36871
-9.69173	-0.01915	-0.34955
-0.44053	9.73482	0.13408
-0.42138	9.72046	0.0814
-0.4118	9.70609	0.07661
-0.43574	9.72525	0.10056
-0.42617	9.71088	0.05746
-0.42138	9.72525	0.08619
-0.43574	9.71088	0.09577
-0.4118	9.73004	0.0814
-0.42617	9.71088	0.08619
-0.43096	9.72525	0.0814
-0.43574	9.71567	0.07661
-0.43096	9.7444	0.10534
-0.42138	9.71567	0.06704
-0.43096	9.7444	0.10056
-0.42617	9.72046	0.10056
-0.41659	9.70609	0.07183
-0.41659	9.71567	0.08619
-0.43574	9.72046	0.10056
-0.41659	9.71088	0.07661
-0.42617	9.72525	0.07661
-0.43574	9.73961	0.09577
-0.41659	9.72046	0.07661
-0.42617	9.70131	0.06704
-0.42138	9.73482	0.09098
-0.42138	9.72525	0.0814
-0.42138	9.71567	0.0814
-0.43574	9.72525	0.09577
-0.4118	9.71088	0.05267
-0.40223	9.71567	0.06225
-0.44532	9.7444	0.11492
-0.42617	9.72525	0.09577
-0.41659	9.72525	0.09577
-0.42617	9.71567	0.09098
-0.42617	9.73004	0.0814
-0.42138	9.73482	0.10534
-0.43096	9.72046	0.10056
-0.43574	9.73004	0.09577
-0.43096	9.71088	0.10534
-0.43096	9.73961	0.10056
-0.42617	9.73961	0.11013
-6.12916	3.04064	7.02938
-6.13394	3.055	7.02938
-6.11958	3.05979	7.02938
-6.11958	3.05021	7.02459
-6.12437	3.05021	7.03895
-6.12916	3.05979	7.03416
-6.12916	3.05979	7.03895
-6.13394	3.05021	7.03416
-6.14352	3.05021	7.02938
-6.11958	3.04542	7.04374
-6.13394	3.05021	7.03895
-6.12916	3.055	7.03416
-6.12437	3.04064	7.03416
-6.12437	3.05021	7.03895
-6.13873	3.055	7.04374
-6.11958	3.05979	7.03416
-6.12916	3.055	7.04853
-6.11479	3.05021	7.03416
-6.12437	3.05979	7.03895
-6.11958	3.04064	7.03895
-6.12916	3.04542	7.03895
-6.11479	3.05979	7.04374
-6.12437	3.05021	7.04374
-6.12916	3.055	7.03416
-6.12437	3.05979	7.04374
-6.12437	3.06458	7.03416
-4.29999	-0.16759	8.83939
-4.29041	-0.17238	8.89685
-4.2952	-0.17238	8.84897
-4.30956	-0.17238	8.8346
-4.29999	-0.17238	8.8777
-4.2952	-0.18675	8.84897
-4.29999	-0.18675	8.86812
-4.29041	-0.16281	8.83939
-4.29999	-0.18196	8.88728
-4.29999	-0.16759	8.86333
-4.2952	-0.16759	8.84897
-4.2952	-0.16281	8.8346
-4.2952	-0.16759	8.90643
-4.2952	-0.15802	8.85376
-4.30477	-0.17717	8.82982
-4.30477	-0.18196	8.89685
-4.29041	-0.17238	8.88249
-4.29041	-0.18675	8.80587
-4.29041	-0.17717	8.91601
-4.29041	-0.16759	8.86812
-4.2952	-0.18196	8.82982
-4.29999	-0.16759	8.86812
-4.29999	-0.17238	8.88728
-4.2952	-0.17717	8.82024
-6.94797	3.33752	-5.66947
-6.95755	3.33273	-5.63116
-6.95276	3.35188	-5.66947
-6.96713	3.35188	-5.63116
-6.94797	3.32794	-5.66947
-6.95276	3.35667	-5.65989
-6.94797	3.33752	-5.63595
-6.96713	3.35188	-5.66947
-6.93361	3.35188	-5.62159
-6.97192	3.34231	-5.67905
-6.94797	3.34231	-5.61201
-6.95276	3.33752	-5.66947
-6.94318	3.35667	-5.63116
-6.95755	3.34709	-5.65989
-6.9384	3.33752	-5.65989
-6.94797	3.35667	-5.65989
-6.94318	3.34231	-5.65989
-6.95755	3.33752	-5.65989
-6.94318	3.35188	-5.6551
-6.95276	3.34231	-5.64074
-6.94797	3.34709	-5.65989
-6.93361	3.33752	-5.63116
-6.93361	3.34231	-5.66947
-6.94318	3.35667	-5.63116
-6.94797	3.34231	-5.67426
-6.94318	3.35188	-5.65989
-6.94318	3.34231	-5.66947
-6.96713	3.34709	-5.6551
-6.91924	3.33752	-5.6551
-6.94797	3.36146	-5.68384
-6.93361	3.33752	-5.66468
-6.93361	3.33752	-5.66947
-6.92403	3.32315	-5.67426
-6.95755	3.34231	-5.67905
-6.92403	3.33273	-5.64553
-6.94318	3.33273	-5.68384
-6.92882	3.33752	-5.63595
-6.94318	3.32794	-5.67905
-6.9384	3.34231	-5.64553
-6.93361	3.33752	-5.68384
-6.95755	3.33273	-5.66947
-6.95276	3.34709	-5.66947
-6.93361	3.32794	-5.67905
-6.95276	3.34709	-5.6551
-6.9384	3.33752	-5.67426
-6.9384	3.33752	-5.66947
-6.92882	3.34709	-5.6551
-4.86502	1.84832	-7.94875
-4.86502	1.85311	-7.97269
-4.85065	1.84832	-7.93917
-4.85544	1.83396	-7.94875
-4.86023	1.85311	-7.94875
-4.86981	1.83396	-7.95354
-4.85544	1.84354	-7.93917
-4.86981	1.85311	-7.9679
-4.85544	1.84832	-7.93917
-4.86502	1.85311	-7.95833
-4.86023	1.84354	-7.94875
-4.86023	1.84354	-7.95354
-4.85065	1.84354	-7.94875
-4.86502	1.84832	-7.97269
-4.84586	1.84354	-7.95354
-4.86023	1.85311	-7.96311
-4.85065	1.83875	-7.94875
-4.85065	1.84354	-7.95833
-4.85544	1.84354	-7.95354
-4.84108	1.83875	-7.94875
-4.85544	1.83875	-7.95833
-4.85544	1.84354	-7.9296
-4.86023	1.83875	-7.9679
-4.84586	1.83396	-7.94396
-4.84586	1.84354	-7.97269
-4.85544	1.84832	-7.97269
-4.86023	1.83875	-7.94396
-4.85065	1.83396	-7.9679
-4.84108	1.83396	-7.97269
-4.84586	1.84354	-7.94875
-4.85065	1.84354	-7.96311
-4.84108	1.84354	-7.95833
-4.85544	1.83875	-7.95354
-4.84586	1.84832	-7.97269
-4.83629	1.83875	-7.94875
-4.84108	1.83875	-7.95833
-4.85544	1.84832	-7.98227
-4.84586	1.83396	-7.94396
-4.84586	1.83396	-7.96311
-4.85065	1.83875	-7.96311
-4.85065	1.83875	-7.94875
-4.84108	1.84354	-7.9679
-4.85065	1.83875	-7.9679
-4.83629	1.83875	-7.94875
-4.84586	1.83396	-7.9679
-4.84586	1.83875	-7.97748
-4.84586	1.84354	-7.97269
-4.84108	1.83396	-7.95833
-4.84586	1.84832	-7.97748
-4.84108	1.83875	-7.97269
-4.84108	1.83396	-7.97748
-4.85544	1.84354	-7.96311
-4.84586	1.84832	-7.96311
-4.8315	1.83396	-7.9679
-4.84586	1.83875	-7.97269
-4.84586	1.82917	-7.95833
-4.84108	1.85311	-7.99185
-4.84108	1.82917	-7.9679
-4.84586	1.81959	-7.95833
4.79798	-2.62405	-7.77637
4.81713	-2.63362	-7.78116
4.82671	-2.62405	-7.77637
4.8315	-2.62405	-7.78594
4.8315	-2.60968	-7.77158
4.84586	-2.61447	-7.77637
4.84586	-2.61447	-7.77637
4.84586	-2.60968	-7.75243
4.86502	-2.6001	-7.762
4.86502	-2.59053	-7.76679
4.86502	-2.6001	-7.75243
4.87938	-2.60489	-7.75721
4.87938	-2.6001	-7.75243
4.88417	-2.59531	-7.762
4.88896	-2.60489	-7.74285
4.89854	-2.59053	-7.77158
4.87938	-2.59531	-7.73806
4.89375	-2.59531	-7.74764
4.88896	-2.6001	-7.73806
4.90811	-2.59531	-7.76679
4.90333	-2.59053	-7.72369
4.89375	-2.59531	-7.74764
4.89854	-2.58574	-7.73327
4.90811	-2.59531	-7.73806
4.89375	-2.58574	-7.73806
4.90811	-2.59053	-7.74285
4.89854	-2.58095	-7.75721
4.89854	-2.58095	-7.71891
4.9129	-2.58574	-7.75243
4.9129	-2.59531	-7.74285
4.9129	-2.58574	-7.73806
4.91769	-2.59531	-7.72848
4.92248	-2.58574	-7.73806
4.9129	-2.57616	-7.73806
4.91769	-2.57616	-7.71412
4.93684	-2.58095	-7.74285
4.92727	-2.58095	-7.71891
4.92248	-2.58095	-7.72848
4.92727	-2.57616	-7.74285
4.92727	-2.57616	-7.72848
4.94163	-2.58095	-7.73327
4.93206	-2.57137	-7.73806
4.94163	-2.57137	-7.72369
4.92727	-2.57616	-7.73327
4.91769	-2.57137	-7.73327
4.92727	-2.57616	-7.72369
4.93206	-2.57137	-7.73806
4.92727	-2.57616	-7.73327
4.92248	-2.57616	-7.72848
4.93684	-2.56658	-7.72848
4.92727	-2.56658	-7.72848
4.93684	-2.58574	-7.72848
4.93206	-2.57616	-7.72848
4.94163	-2.57616	-7.73327
4.93684	-2.56658	-7.73806
4.94163	-2.57616	-7.72848
4.93684	-2.57137	-7.71891
3.62482	-5.55934	7.29274
3.60567	-5.56891	7.3071
3.61046	-5.54976	7.29274
3.62003	-5.55934	7.29753
3.61524	-5.55934	7.29274
3.61524	-5.54976	7.29274
3.61046	-5.55455	7.3071
3.61046	-5.55934	7.30232
3.60567	-5.55455	7.29753
3.60088	-5.54976	7.30232
3.61524	-5.55455	7.30232
3.60567	-5.56412	7.29753
3.60088	-5.54976	7.29274
3.61046	-5.55455	7.3071
3.60088	-5.55455	7.31189
3.61524	-5.55455	7.31668
3.5913	-5.54976	7.30232
3.60567	-5.55455	7.29753
3.59609	-5.55934	7.30232
3.60088	-5.55455	7.30232
3.59609	-5.55455	7.30232
3.60567	-5.55455	7.29274
3.60088	-5.55455	7.30232
3.60567	-5.55455	7.3071
3.60567	-5.55455	7.3071
3.61046	-5.55455	7.3071
3.60088	-5.54497	7.31189
3.59609	-5.54976	7.3071
3.60088	-5.55934	7.31189
3.5913	-5.55455	7.31189
3.60088	-5.56891	7.32626
3.60088	-5.54497	7.32147
3.60088	-5.54976	7.3071
3.5913	-5.56412	7.30232
3.60567	-5.54976	7.31189
3.5913	-5.56891	7.31189
3.61046	-5.56412	7.3071
3.59609	-5.54976	7.31189
3.59609	-5.55455	7.3071
3.5913	-5.56412	7.31189
3.60088	-5.55455	7.32147
3.5913	-5.56891	7.30232
3.5913	-5.54976	7.30232
3.60088	-5.54976	7.31189
3.5913	-5.55934	7.31668
3.5913	-5.55455	7.31668
3.59609	-5.56412	7.32626
3.5913	-5.55934	7.31668
3.58651	-5.55934	7.3071
3.58651	-5.55455	7.30232
3.5913	-5.55455	7.31668
3.5913	-5.54976	7.31189
3.58651	-5.55455	7.32147
3.58651	-5.54976	7.31189
3.5913	-5.55455	7.31189
3.58651	-5.55455	7.31668
3.57694	-5.54976	7.32147
3.57694	-5.54976	7.31668
3.58651	-5.55934	7.31189
3.5913	-5.55934	7.32626
3.58173	-5.55455	7.31668
3.57694	-5.56412	7.31668
3.58651	-5.55934	7.32147
3.5913	-5.55934	7.32626
3.57215	-5.55934	7.31189
3.58651	-5.55934	7.33105
3.58173	-5.55455	7.32147
3.58651	-5.54497	7.32147
3.5913	-5.56891	7.32147
3.57694	-5.54976	7.33105
3.5913	-5.55934	7.32626
3.57694	-5.54976	7.31668
0.21069	-5.30076	-7.92002
0.21548	-5.29597	-7.92002
0.21069	-5.31034	-7.92002
0.21069	-5.28161	-7.91044
0.21548	-5.29119	-7.92002
0.21548	-5.31034	-7.9296
0.21069	-5.30076	-7.92481
0.21548	-5.2864	-7.92002
0.21548	-5.30076	-7.91044
0.22027	-5.30555	-7.9296
0.2059	-5.30076	-7.92002
0.2059	-5.29597	-7.92481
0.22505	-5.29597	-7.92481
0.21548	-5.29119	-7.92002
0.21548	-5.30076	-7.94396
0.2059	-5.29119	-7.90565
0.2059	-5.30076	-7.93438
0.21069	-5.29597	-7.90565
0.21548	-5.31034	-7.93438
0.21548	-5.29597	-7.90565
0.22027	-5.30555	-7.93438
0.21069	-5.30555	-7.90087
0.21069	-5.28161	-7.92481
0.21548	-5.30555	-7.92002
0.22027	-5.30076	-7.91044
0.22505	-5.30555	-7.92481
0.21548	-5.29597	-7.91044
0.21548	-5.30076	-7.92002
0.20111	-5.30076	-7.92481
0.21069	-5.29597	-7.92002
0.21548	-5.2864	-7.90565
0.22505	-5.29597	-7.92002
0.21548	-5.30076	-7.92481
0.21069	-5.29597	-7.92002
0.2059	-5.30076	-7.92002
0.2059	-5.29119	-7.90565
0.22027	-5.31513	-7.92481
0.21548	-5.30555	-7.91523
0.2059	-5.29597	-7.92481
0.22027	-5.28161	-7.92002
0.21548	-5.29597	-7.9296
0.22027	-5.2864	-7.90087
0.21548	-5.29119	-7.93438
0.21548	-5.29119	-7.90087
0.21069	-5.30076	-7.93438
0.22027	-5.30076	-7.91523
0.22027	-5.29597	-7.9296
0.21548	-5.29597	-7.91044
0.21069	-5.29597	-7.92481
0.20111	-5.2864	-7.91523
0.22027	-5.30555	-7.9296
0.22505	-5.2864	-7.92002
0.21069	-5.29597	-7.92481
0.21548	-5.29597	-7.92002
0.21548	-5.30555	-7.92481
0.21548	-5.29597	-7.92002
0.21548	-5.30555	-7.9296
0.22027	-5.2864	-7.91044
0.22027	-5.29119	-7.92481
0.21548	-5.29119	-7.92002
0.22027	-5.30076	-7.92002
0.2059	-5.27682	-7.92002
0.22027	-5.29119	-7.93438
0.21069	-5.2864	-7.91523
0.22027	-5.29597	-7.91523
0.22027	-5.29597	-7.92481
0.2059	-5.30076	-7.92481
0.21069	-5.2864	-7.91044
0.21069	-5.2864	-7.92481
0.22027	-5.29597	-7.92481
0.21548	-5.30076	-7.92481
0.22027	-5.2864	-7.92481
0.2059	-5.29597	-7.91523
0.22505	-5.29597	-7.92002
0.21548	-5.30555	-7.91523
0.21548	-5.30555	-7.92481
0.21548	-5.30555	-7.91523
0.21069	-5.2864	-7.92481
0.21069	-5.30076	-7.91523
0.2059	-5.31513	-7.92002
0.21069	-5.29597	-7.91523
7.63272	-4.00311	4.68785
7.62314	-3.98395	4.69742
7.63272	-3.98874	4.69742
7.62314	-3.99832	4.70221
7.63272	-3.98395	4.707
7.61835	-4.00311	4.71179
7.61835	-3.99832	4.69264
7.63272	-3.99353	4.70221
7.62314	-3.97916	4.69264
7.61356	-3.98874	4.69264
7.63272	-4.00311	4.68785
7.61356	-3.99832	4.68306
7.64229	-3.98874	4.68306
7.62793	-3.98395	4.67827
7.63272	-3.99832	4.70221
7.61356	-3.98874	4.68306
7.62793	-4.00311	4.69264
7.61835	-3.98874	4.69742
7.63272	-3.98874	4.69264
7.62314	-3.96959	4.68785
7.62793	-4.00789	4.69264
7.61835	-3.98874	4.67827
7.62793	-3.98395	4.69264
7.61356	-3.98874	4.69742
7.62314	-3.98874	4.69742
7.63272	-4.00789	4.68306
7.6375	-3.97437	4.707
7.61835	-4.03184	4.69264
7.62314	-3.97916	4.69264
7.62793	-3.98395	4.69264
7.61835	-3.98874	4.707
7.62314	-3.98395	4.707
7.63272	-3.98395	4.68785
7.62793	-3.99353	4.69264
7.63272	-3.99353	4.707
7.63272	-3.99353	4.707
7.62793	-4.00311	4.69264
7.62793	-4.00311	4.68306
7.62314	-4.00311	4.69742
2.63362	5.6551	7.5992
2.63362	5.6551	7.58962
2.63362	5.65032	7.59441
2.63362	5.65032	7.59441
2.63362	5.65989	7.58962
2.63362	5.6551	7.58962
2.63841	5.64553	7.59441
2.64799	5.6551	7.58962
2.6432	5.64074	7.58483
2.65278	5.67426	7.59441
2.63841	5.64074	7.59441
2.64799	5.67426	7.58004
2.63362	5.64553	7.58962
2.64799	5.6551	7.58962
2.64799	5.65032	7.58483
2.6432	5.6551	7.58483
2.63841	5.6551	7.58483
2.64799	5.64074	7.58004
2.64799	5.64553	7.59441
2.64799	5.64553	7.58004
2.6432	5.64553	7.57047
2.65756	5.65032	7.58004
2.6432	5.63595	7.55131
2.64799	5.6551	7.57525
2.63362	5.64553	7.57047
2.66235	5.65989	7.57525
2.64799	5.63595	7.57047
2.6432	5.66468	7.58004
2.6432	5.63595	7.57047
2.6432	5.65989	7.57047
2.62883	5.64553	7.57525
2.64799	5.65032	7.56089
2.62883	5.63595	7.57047
2.6432	5.64074	7.56089
2.64799	5.65032	7.58483
